epoch,train_loss,train_acc,val_loss,val_acc,learning_rate
1,1.2993623245239259,49.31833332926432,0.9301011131286621,63.67,0.001
2,0.8743744230588277,65.88666666666667,0.8016094140052795,69.61,0.001


